COVERAGE_W,GOAL_DISTANCE_WEIGHT,HEAD_GOAL_W,ORDER_W_SCALE,SENSOR_BCE_W,SPEED_W,head_dist_h1_at_tau,head_success_rate,high_info_dwell_area_norm,high_info_dwell_ratio,low_info_idle_rate,mean_cycle_time_sec,mean_hotspot_coverage_dist,mean_iterations_used,phase,sensor_f1_high_info,split_jump_metric
0.4,0.75,6.0,1.0,0.45,0.45,0.28512662276625633,0.0,0.8333333002196431,0.25,0.08333333333333333,30.80003809928894,0.13698674722885093,1091.5,baseline,0.13636363636363635,0.07217540044803172
0.55,0.7,5.0,0.9,0.45,0.55,0.4298957288265228,0.0,0.2916666625274554,0.08750000223517418,0.12435500515995872,21.23096227645874,0.11197267829750975,1214.25,best,0.1746031746031746,0.10013989498838782
