COVERAGE_W,GOAL_DISTANCE_WEIGHT,HEAD_GOAL_W,ORDER_W_SCALE,SENSOR_BCE_W,SPEED_W,head_dist_h1_at_tau,head_success_rate,high_info_dwell_area_norm,high_info_dwell_ratio,low_info_idle_rate,mean_cycle_time_sec,mean_hotspot_coverage_dist,mean_iterations_used,phase,sensor_f1_high_info,split_jump_metric
0.55,0.7,5.0,0.9,0.45,0.45,0.42989304661750793,0.0,0.2916666625274554,0.08750000223517418,0.12435500515995872,36.935107588768005,0.11197344741473596,1214.25,baseline,0.1746031746031746,0.10013942699879408
0.55,0.6,5.0,0.9,0.45,0.55,0.4818035289645195,0.0,0.5833333188460939,0.1750000026077032,0.3055555555555556,32.45044010877609,0.200996075446407,1096.25,best,0.22596153846153846,0.09902200940996408
